Golden Energy Development — ??????????????????????????? (??? VAT),,,,,,,,,,,,,,
"?? ?????????????????????????: inverter, ?????? + ???????? B6-B9,B13 (placeholder ???? verify). ?????? JA 720W ?????????? (?????? VAT)",,,,,,,,,,,,,,
,,,,,,,,,,,,,,
???????? (?????????),???,?????/????????,,,,,,,,,,,,
?????? JA Solar 720W (?????? VAT),4.33,?/W (???? 4.25-4.40),,,,,,,,,,,,
??????????/???,3000,?/kW — placeholder verify,,,,,,,,,,,,
??????+?????+safety,2500,?/kW — placeholder verify,,,,,,,,,,,,
?????????????,4000,?/kW — placeholder verify,,,,,,,,,,,,
????????/??? (?????+????????+?????),15000,?/??? — placeholder verify,,,,,,,,,,,,
Contingency,0.07,= 7%,,,,,,,,,,,,
Margin ???????????,0.35,= 35% (floor 25%),,,,,,,,,,,,
VAT,0.07,= 7%,,,,,,,,,,,,
?????? LiFePO4 (hybrid),12000,?/kWh — placeholder verify,,,,,,,,,,,,
,,,,,,,,,,,,,,
=== ON-GRID ===,,,,,,,,,,,,,,
????(kW),??????,inverter[????],???????,??????/???,??????,????????,Contingency,COGS,????????VAT,VAT 7%,???????VAT,????,margin%
3,=A17*1000*$B$5,18000,=A17*$B$6,=A17*$B$7,=A17*$B$8,=$B$9,=(B17+C17+D17+E17+F17)*$B$10,=SUM(B17:H17),=I17/(1-$B$11),=J17*$B$12,=J17+K17,=J17-I17,=(J17-I17)/J17
5,=A18*1000*$B$5,25000,=A18*$B$6,=A18*$B$7,=A18*$B$8,=$B$9,=(B18+C18+D18+E18+F18)*$B$10,=SUM(B18:H18),=I18/(1-$B$11),=J18*$B$12,=J18+K18,=J18-I18,=(J18-I18)/J18
10,=A19*1000*$B$5,65000,=A19*$B$6,=A19*$B$7,=A19*$B$8,=$B$9,=(B19+C19+D19+E19+F19)*$B$10,=SUM(B19:H19),=I19/(1-$B$11),=J19*$B$12,=J19+K19,=J19-I19,=(J19-I19)/J19
15,=A20*1000*$B$5,65000,=A20*$B$6,=A20*$B$7,=A20*$B$8,=$B$9,=(B20+C20+D20+E20+F20)*$B$10,=SUM(B20:H20),=I20/(1-$B$11),=J20*$B$12,=J20+K20,=J20-I20,=(J20-I20)/J20
20,=A21*1000*$B$5,66000,=A21*$B$6,=A21*$B$7,=A21*$B$8,=$B$9,=(B21+C21+D21+E21+F21)*$B$10,=SUM(B21:H21),=I21/(1-$B$11),=J21*$B$12,=J21+K21,=J21-I21,=(J21-I21)/J21
,,,,,,,,,,,,,,
=== HYBRID (???????????) ===,,,,,,,,,,,,,,
????(kW),??????,hybrid inv[????],??????[????],???????,??????/???,??????,????????,Contingency,COGS,????????VAT,VAT 7%,???????VAT,margin%
3,=A25*1000*$B$5,35000,60000,=A25*$B$6,=A25*$B$7,=A25*$B$8,=$B$9,=(B25+C25+D25+E25+F25+G25)*$B$10,=SUM(B25:I25),=J25/(1-$B$11),=K25*$B$12,=K25+L25,=(K25-J25)/K25
5,=A26*1000*$B$5,45000,120000,=A26*$B$6,=A26*$B$7,=A26*$B$8,=$B$9,=(B26+C26+D26+E26+F26+G26)*$B$10,=SUM(B26:I26),=J26/(1-$B$11),=K26*$B$12,=K26+L26,=(K26-J26)/K26
10,=A27*1000*$B$5,85000,120000,=A27*$B$6,=A27*$B$7,=A27*$B$8,=$B$9,=(B27+C27+D27+E27+F27+G27)*$B$10,=SUM(B27:I27),=J27/(1-$B$11),=K27*$B$12,=K27+L27,=(K27-J27)/K27
15,=A28*1000*$B$5,100000,180000,=A28*$B$6,=A28*$B$7,=A28*$B$8,=$B$9,=(B28+C28+D28+E28+F28+G28)*$B$10,=SUM(B28:I28),=J28/(1-$B$11),=K28*$B$12,=K28+L28,=(K28-J28)/K28
20,=A29*1000*$B$5,115000,180000,=A29*$B$6,=A29*$B$7,=A29*$B$8,=$B$9,=(B29+C29+D29+E29+F29+G29)*$B$10,=SUM(B29:I29),=J29/(1-$B$11),=K29*$B$12,=K29+L29,=(K29-J29)/K29
