Golden Energy Development — ตารางคำนวณราคาติดตั้งโซลาร์ (รวม VAT · 2 tier),,,,,,,,,,,,,,
"⚠️ จำนวนแผงคำนวณอัตโนมัติ (ปัดเลขคู่). Value=Anern / Premium=Huawei. ค่าแผง JA720W ไม่รวม VAT. ราคา inverter Huawei = ประมาณ ต้อง verify",,,,,,,,,,,,,,
,,,,,,,,,,,,,,
สมมติฐาน (แก้ตรงนี้),ค่า,หมายเหตุ,,,,,,,,,,,,
ค่าแผง JA720W (ไม่รวม VAT),4.33,฿/W,,,,,,,,,,,,
ค่าโครง,600,฿/แผง (ราง+clamp+feet — verify),,,,,,,,,,,,
ค่าสาย+ตู้control,1750,฿/kW,,,,,,,,,,,,
ค่าแรง,2800,฿/kW,,,,,,,,,,,,
ค่าคงที่/งาน,15000,฿/งาน — verify,,,,,,,,,,,,
Contingency,0.07,7%,,,,,,,,,,,,
Margin,0.30,30% (ลอง 0.25-0.35),,,,,,,,,,,,
VAT,0.07,7%,,,,,,,,,,,,
ค่าแบต LiFePO4,12000,฿/kWh — verify,,,,,,,,,,,,
Oversizing on-grid,1.2,เผื่อแผง 20%,,,,,,,,,,,,
Oversizing hybrid,1.5,เผื่อแผง 50%,,,,,,,,,,,,
กำลังแผง (W),720,,,,,,,,,,,,,
,,,,,,,,,,,,,,
=== ON-GRID / VALUE tier (inverter Anern) ===,,,,,,,,,,,,,,
kW,แผง,ค่าแผง,inverter,ค่าโครง,ค่าสาย,ค่าแรง,คงที่,Contingency,COGS,ราคาก่อนVAT,VAT,ราคารวมVAT,กำไร,margin%
3,=EVEN(A20*1000*$B$14/$B$16),=B20*$B$16*$B$5,5700,=B20*$B$6,=A20*$B$7,=A20*$B$8,=$B$9,=(C20+D20+E20+F20+G20)*$B$10,=SUM(C20:I20),=J20/(1-$B$11),=K20*$B$12,=K20+L20,=K20-J20,=(K20-J20)/K20
5,=EVEN(A21*1000*$B$14/$B$16),=B21*$B$16*$B$5,8900,=B21*$B$6,=A21*$B$7,=A21*$B$8,=$B$9,=(C21+D21+E21+F21+G21)*$B$10,=SUM(C21:I21),=J21/(1-$B$11),=K21*$B$12,=K21+L21,=K21-J21,=(K21-J21)/K21
10,=EVEN(A22*1000*$B$14/$B$16),=B22*$B$16*$B$5,18450,=B22*$B$6,=A22*$B$7,=A22*$B$8,=$B$9,=(C22+D22+E22+F22+G22)*$B$10,=SUM(C22:I22),=J22/(1-$B$11),=K22*$B$12,=K22+L22,=K22-J22,=(K22-J22)/K22
15,=EVEN(A23*1000*$B$14/$B$16),=B23*$B$16*$B$5,18500,=B23*$B$6,=A23*$B$7,=A23*$B$8,=$B$9,=(C23+D23+E23+F23+G23)*$B$10,=SUM(C23:I23),=J23/(1-$B$11),=K23*$B$12,=K23+L23,=K23-J23,=(K23-J23)/K23
20,=EVEN(A24*1000*$B$14/$B$16),=B24*$B$16*$B$5,40000,=B24*$B$6,=A24*$B$7,=A24*$B$8,=$B$9,=(C24+D24+E24+F24+G24)*$B$10,=SUM(C24:I24),=J24/(1-$B$11),=K24*$B$12,=K24+L24,=K24-J24,=(K24-J24)/K24
,,,,,,,,,,,,,,
=== ON-GRID / PREMIUM tier (inverter Huawei — verify ราคา) ===,,,,,,,,,,,,,,
kW,แผง,ค่าแผง,inverter,ค่าโครง,ค่าสาย,ค่าแรง,คงที่,Contingency,COGS,ราคาก่อนVAT,VAT,ราคารวมVAT,กำไร,margin%
3,=EVEN(A28*1000*$B$14/$B$16),=B28*$B$16*$B$5,18000,=B28*$B$6,=A28*$B$7,=A28*$B$8,=$B$9,=(C28+D28+E28+F28+G28)*$B$10,=SUM(C28:I28),=J28/(1-$B$11),=K28*$B$12,=K28+L28,=K28-J28,=(K28-J28)/K28
5,=EVEN(A29*1000*$B$14/$B$16),=B29*$B$16*$B$5,24800,=B29*$B$6,=A29*$B$7,=A29*$B$8,=$B$9,=(C29+D29+E29+F29+G29)*$B$10,=SUM(C29:I29),=J29/(1-$B$11),=K29*$B$12,=K29+L29,=K29-J29,=(K29-J29)/K29
10,=EVEN(A30*1000*$B$14/$B$16),=B30*$B$16*$B$5,65000,=B30*$B$6,=A30*$B$7,=A30*$B$8,=$B$9,=(C30+D30+E30+F30+G30)*$B$10,=SUM(C30:I30),=J30/(1-$B$11),=K30*$B$12,=K30+L30,=K30-J30,=(K30-J30)/K30
15,=EVEN(A31*1000*$B$14/$B$16),=B31*$B$16*$B$5,65000,=B31*$B$6,=A31*$B$7,=A31*$B$8,=$B$9,=(C31+D31+E31+F31+G31)*$B$10,=SUM(C31:I31),=J31/(1-$B$11),=K31*$B$12,=K31+L31,=K31-J31,=(K31-J31)/K31
20,=EVEN(A32*1000*$B$14/$B$16),=B32*$B$16*$B$5,66000,=B32*$B$6,=A32*$B$7,=A32*$B$8,=$B$9,=(C32+D32+E32+F32+G32)*$B$10,=SUM(C32:I32),=J32/(1-$B$11),=K32*$B$12,=K32+L32,=K32-J32,=(K32-J32)/K32
,,,,,,,,,,,,,,
=== HYBRID (มีแบต · เผื่อแผง 50%) ===,,,,,,,,,,,,,,
kW,แผง,ค่าแผง,hybrid inv[กรอก],ค่าแบต[กรอก],ค่าโครง,ค่าสาย,ค่าแรง,คงที่,Contingency,COGS,ราคาก่อนVAT,VAT,ราคารวมVAT,margin%
3,=EVEN(A36*1000*$B$15/$B$16),=B36*$B$16*$B$5,35000,60000,=B36*$B$6,=A36*$B$7,=A36*$B$8,=$B$9,=(C36+D36+E36+F36+G36+H36)*$B$10,=SUM(C36:J36),=K36/(1-$B$11),=L36*$B$12,=L36+M36,=(L36-K36)/L36
5,=EVEN(A37*1000*$B$15/$B$16),=B37*$B$16*$B$5,45000,120000,=B37*$B$6,=A37*$B$7,=A37*$B$8,=$B$9,=(C37+D37+E37+F37+G37+H37)*$B$10,=SUM(C37:J37),=K37/(1-$B$11),=L37*$B$12,=L37+M37,=(L37-K37)/L37
10,=EVEN(A38*1000*$B$15/$B$16),=B38*$B$16*$B$5,85000,120000,=B38*$B$6,=A38*$B$7,=A38*$B$8,=$B$9,=(C38+D38+E38+F38+G38+H38)*$B$10,=SUM(C38:J38),=K38/(1-$B$11),=L38*$B$12,=L38+M38,=(L38-K38)/L38
,,,,,,,,,,,,,,
=== ราคา inverter อ้างอิง (Huawei/Sungrow/Growatt = ประมาณ verify) ===,,,,,,,,,,,,,,
ขนาด,Anern,Huawei,Sungrow,Growatt,TMDA/อื่น,,,,,,,,,
3 kW,5700,18000,,,,,,,,,,,,
5 kW,8900,24800,36000,25600,,,,,,,,,,
6.5 kW,10000,,,,,,,,,,,,,
10 kW,18450,65000,60000,51800,,,,,,,,,,
15 kW,18500,65000,73000,,,,,,,,,,,
20 kW,,66000,84000,,40000,,,,,,,,,
