customer_id,first_order_at,channel,second_order_at,second_within_14d
0f3bcfad-1cb5-4db9-b325-db5ea5ef2eb5,2026-08-10,line_oa,,false
2eaae038-5191-4aeb-94fb-38b8209283c9,2026-08-10,tiktok,,false
5496e595-daf6-4f4f-af1e-c277fb1ececc,2026-08-10,tiktok,,false
61fe4605-24ba-41db-bdb4-7a4723866d69,2026-08-10,tiktok,,false
7510f6c1-5543-4b9a-bc82-40255ce9a327,2026-08-10,tiktok,,false
954d03d8-21e8-4a3b-a8e7-2fabbe1351dc,2026-08-10,tiktok,,false
96a95f89-11c2-435b-ba11-530916c2610b,2026-08-10,tiktok,,false
b34b917d-c95d-4e7e-9e42-4b8ffb86ad68,2026-08-10,facebook,,false
bd7b78b7-0a50-42b5-bf3c-294705943dca,2026-08-10,line_oa,,false
c353b23f-9235-479a-bbca-1fcd244b920b,2026-08-10,line_oa,,false
d9beee2d-3a2c-4069-a7ce-54310708212b,2026-08-10,tiktok,,false
f3abcb95-c234-4eb5-86a8-7b63934d60fc,2026-08-10,tiktok,,false
f4cdc18f-c825-46dd-8d05-a5434260fd3b,2026-08-10,line_oa,,false
fa5da3ca-e99b-4f0e-b095-281f4b5da2f6,2026-08-10,tiktok,,false
0b44f65f-49ef-4ccf-87af-4c2682a3ed59,2026-08-11,tiktok,,false
924b82ad-cac0-4f7f-ba61-b572a77e81b7,2026-08-11,line_oa,,false
93cd69a2-6d84-42c4-a212-804bc6b249e9,2026-08-11,line_oa,,false
ce06d5ee-cc75-46e4-8528-e75b4a4111d6,2026-08-11,tiktok,,false
e765c961-7daa-4edd-8f8a-3aa63d66d8b8,2026-08-11,tiktok,2026-09-26,false
f612d614-3fe8-4189-9914-65c2532cc559,2026-08-11,tiktok,,false
23cfa693-bf73-4010-9fc1-820f69ee1064,2026-08-12,tiktok,,false
45cd4c31-da18-4182-8a33-89e40ee42783,2026-08-12,line_oa,,false
46ea13d2-ac3a-4df1-ad57-fcfb10613100,2026-08-12,line_oa,,false
571de666-1dd1-4373-836e-6a699c360c40,2026-08-12,tiktok,,false
6ff847d5-d791-431f-83cb-5eb26116e62e,2026-08-12,tiktok,,false
87f3396d-5a11-4990-9863-aedf4d37ba01,2026-08-12,line_oa,,false
89cee3b8-99d3-4d66-b122-01cc7ae0de2b,2026-08-12,line_oa,,false
9f6c92e5-fb29-4856-848d-3b9a6eef50e7,2026-08-12,tiktok,,false
b045702b-6415-420e-91c7-53b1fb13e805,2026-08-12,tiktok,,false
baad7d15-6d60-4fb1-9362-d7aa902bae5f,2026-08-12,tiktok,,false
c74e5116-610d-4711-aedc-f6004dc7a991,2026-08-12,tiktok,,false
d43c1469-e70f-4336-bc64-32a7ded8f928,2026-08-12,tiktok,,false
d9870c9d-f176-42a7-b7b3-fe622d9055ba,2026-08-12,line_oa,,false
e428b853-8520-4808-b333-d6e5ed1b5ae2,2026-08-12,tiktok,,false
e61a851a-5609-4f05-a11a-e3337025d234,2026-08-12,tiktok,,false
ee599e98-a830-45c3-85aa-cd1b33f52c2d,2026-08-12,line_oa,2026-10-02,false
f1c0fa63-ebbc-48b0-afb9-9e5b84d933dc,2026-08-12,tiktok,,false
11103482-76b1-4dc6-8338-dcf5387290bf,2026-08-13,tiktok,,false
1f9cbaf2-515a-4443-857e-b2bf754c0ec9,2026-08-13,tiktok,,false
3ee18538-8ad0-4287-9125-608e3d32fed5,2026-08-13,tiktok,2026-09-27,false
4a8cb027-8ef9-44c1-9df9-23fbbbdfd353,2026-08-13,tiktok,,false
6665bec6-a9d8-4e6e-9980-d04b889d3687,2026-08-13,line_oa,,false
79962104-d9af-430d-93e3-240a045af92b,2026-08-13,tiktok,,false
83ad7eba-04bf-4ac1-83d2-afd5e643103b,2026-08-13,line_oa,,false
8622261c-6b2c-45bc-b6a2-014cbeaa0ea5,2026-08-13,tiktok,2026-09-28,false
8b51317a-3517-4bda-be1c-626c61e4db1c,2026-08-13,line_oa,,false
9f1890fb-2e7c-413f-9c31-787153ac95e5,2026-08-13,tiktok,,false
b3dfd874-2441-4a24-b9e3-3edbbb00a434,2026-08-13,tiktok,,false
c0c05a6e-e201-4c61-a515-fc02892058e3,2026-08-13,tiktok,,false
f63b99a7-319e-47ab-9dc9-a7e33e7e62be,2026-08-13,tiktok,,false
3d5d29fa-7c13-431d-9b2b-191a2621dbf8,2026-08-14,tiktok,,false
55d05eed-1765-4e03-8111-4fa19bf4ccac,2026-08-14,line_oa,,false
8930a2b0-b8e2-4390-9d62-740e73ed3606,2026-08-14,tiktok,,false
97fb62bf-b5c8-4d29-8a13-9975f075cb9c,2026-08-14,tiktok,,false
acbe7979-a3b0-4ddc-980b-e472cefeaeaa,2026-08-14,tiktok,,false
d9142dcd-c512-4615-bbb3-34e19db252d2,2026-08-14,tiktok,,false
f7dbcabc-6850-4962-a18c-e8f4fee17a85,2026-08-14,tiktok,,false
05984157-4d9d-4185-b4a9-e4f111478131,2026-08-15,tiktok,,false
07a1d856-974c-42f0-9213-5b443da8397c,2026-08-15,tiktok,,false
092e8f87-0b29-432e-a352-7a61821de01f,2026-08-15,line_oa,,false
098dbff0-30d0-4c03-a425-346a57063980,2026-08-15,tiktok,,false
0ea79e52-af66-4bc8-b465-ecfa9d35b3bd,2026-08-15,tiktok,,false
206455e6-6d77-4a5a-9773-c9016bb38518,2026-08-15,tiktok,,false
20984aa8-4819-4e13-ace5-ad5bd7c91268,2026-08-15,tiktok,,false
28a5781b-ad92-4573-80b9-e13a80c9edaa,2026-08-15,tiktok,,false
2c788616-7670-49c4-ab15-78aaccf97bce,2026-08-15,tiktok,2026-09-26,false
34691b0b-81c9-423e-ba52-ddd806275695,2026-08-15,tiktok,,false
3afa97c2-5ebe-417d-bf57-9592dbba4788,2026-08-15,tiktok,,false
3c44c1d4-d288-46c3-a488-e7c48d195853,2026-08-15,tiktok,,false
4278ae89-1728-4121-b498-884dd19d3479,2026-08-15,tiktok,,false
4a7eb2ae-fd14-4bfb-a337-7fa546fe5409,2026-08-15,tiktok,,false
4ae4503f-a592-4963-906b-427d8768b879,2026-08-15,tiktok,,false
5336edae-021a-4ccc-a3d5-d4e83f053c71,2026-08-15,tiktok,,false
67a7e7db-22d7-4f44-8441-76be402f9b5c,2026-08-15,tiktok,,false
71a35a74-5eed-45a3-aba1-1ad540b9751f,2026-08-15,tiktok,,false
72a0d9c6-1cfd-4e09-8ac1-f0c28f4415d1,2026-08-15,tiktok,,false
752b9ec9-668e-47a9-ae3b-5c0088c8e57d,2026-08-15,tiktok,,false
81749482-7a21-4441-9e1a-3336605c5d0e,2026-08-15,tiktok,,false
8a3071f0-3de3-4c94-9121-21ef20aaccc2,2026-08-15,tiktok,,false
8ab4232d-9c87-498e-9e6f-ae5317c5bf27,2026-08-15,tiktok,,false
8f7394d9-2130-44a3-9c30-851e91675480,2026-08-15,tiktok,,false
904edabb-dec4-4e25-83bf-10c0dca85a2b,2026-08-15,tiktok,,false
910aa4cd-0f13-49a1-8c32-9cb6b83fbbc8,2026-08-15,tiktok,,false
913ce220-5281-4157-bf84-f00dc11b6fd7,2026-08-15,line_oa,,false
950fc851-0762-4ddf-a74d-a188bd967d86,2026-08-15,tiktok,,false
9c217d3e-542a-489f-9b3e-7292747abe72,2026-08-15,tiktok,,false
b084e54f-c8e5-4a06-a36e-253dd4ce804d,2026-08-15,tiktok,,false
cda30ffc-14ef-40cb-a3c7-e74e6ed10cc0,2026-08-15,tiktok,,false
d0e70531-bc80-4a12-8316-06f0838f9566,2026-08-15,tiktok,,false
d764a2c1-f194-45ba-ae62-927736d05490,2026-08-15,tiktok,,false
dda17dd7-095a-463d-af3c-e3643967eff0,2026-08-15,tiktok,,false
e412d19c-397c-4425-a6f9-e54ab7375a7c,2026-08-15,tiktok,,false
e50536c0-37e0-484a-8914-b9016317e5e4,2026-08-15,tiktok,,false
fb0d5d46-145b-4881-9e7e-6711ead252f8,2026-08-15,tiktok,,false
fef306ae-39de-49a0-9213-085778313fed,2026-08-15,tiktok,,false
02d67a7d-04cf-4399-b456-21c364aee2f6,2026-08-16,tiktok,,false
1322c801-e560-46c6-8d6e-72a2ca1c7d74,2026-08-16,tiktok,,false
150f2199-86bc-49ce-b6b5-e134981df172,2026-08-16,tiktok,,false
193bbf9a-ac48-4d0f-99ab-38fdf981af0f,2026-08-16,tiktok,,false
27024524-51bb-4701-9506-5d25e030e85e,2026-08-16,tiktok,,false
28104b4f-0159-4b5b-8854-0d38266e9528,2026-08-16,line_oa,,false
38ebd0b9-036e-4c48-a82b-127f489438a6,2026-08-16,tiktok,,false
3bbe2ccb-b065-4bc8-9b9c-ad4815a5bff6,2026-08-16,tiktok,,false
3e884e33-7c65-44eb-ad30-c2bb8d08d9b5,2026-08-16,tiktok,,false
4be5e0fe-5e9e-40c7-9d8c-8ace817e3efc,2026-08-16,tiktok,,false
5fc3e8f3-0c35-4e75-8d9b-4311adeb909b,2026-08-16,tiktok,,false
60a6ce0f-e7b8-403e-be9d-85c04944a0b0,2026-08-16,tiktok,,false
6201d314-1ae3-4fb1-b4b1-30733d98b8c4,2026-08-16,tiktok,2026-09-26,false
6b10d48b-7004-4bc1-816e-030ee5c6877d,2026-08-16,tiktok,,false
718c3324-baa9-463a-bc81-20d7ffd7ee91,2026-08-16,tiktok,,false
75932263-75ec-4685-9a76-ab2c71c055f9,2026-08-16,line_oa,,false
904da5b0-7c05-4ba7-a21b-7fb0b758ba75,2026-08-16,tiktok,,false
9372366a-ee06-4aac-8428-fa6a767fd9a2,2026-08-16,tiktok,,false
94eb82d7-0dab-4b15-9ec1-deaedaf38e71,2026-08-16,tiktok,,false
a173dad0-a67f-4f23-bce9-4fa7309249d7,2026-08-16,tiktok,,false
a6361556-24c1-456d-8de7-12a16190ba61,2026-08-16,tiktok,,false
a8d1b6ad-c30e-4e35-90ea-4d9666956e3a,2026-08-16,tiktok,2026-09-16,true
b18a06a8-24be-4bec-8183-6b1ff5df1692,2026-08-16,tiktok,,false
b1fde98d-ea14-4669-9c01-dc104552ef87,2026-08-16,tiktok,,false
b6c8f686-154f-40e7-91e9-90ea7eb35b36,2026-08-16,tiktok,,false
ba870998-bb35-4a81-af19-7bc14164adbb,2026-08-16,tiktok,,false
bc767311-6546-41d9-8e6b-46a1e5d15656,2026-08-16,tiktok,,false
bfbd5428-cb8a-44ab-b530-8dddd985b153,2026-08-16,tiktok,,false
c6c0015e-729c-4c08-805f-8d132c52d51a,2026-08-16,tiktok,,false
d1fe7264-b600-4d99-bfaa-bb4d0bd189de,2026-08-16,tiktok,,false
db03c10f-0b5c-4e8a-8bce-171bc095bf43,2026-08-16,tiktok,,false
faa04698-49bd-4fed-aace-d1b51a62865a,2026-08-16,tiktok,2026-09-09,true
fcd3b5bf-6319-427d-95dd-f3df9b272050,2026-08-16,tiktok,,false
0e788ba9-e233-453d-8e9a-0a130ed4baac,2026-08-17,tiktok,,false
0f1ca8c8-133f-495f-b093-3d9b4003d1c3,2026-08-17,tiktok,,false
166508dd-03b4-41f6-a398-32f5849cd45e,2026-08-17,tiktok,,false
297c47d2-ad4c-4c52-84ee-0af213cb24c4,2026-08-17,tiktok,,false
29922c23-16ac-4410-afca-6b5938a9174a,2026-08-17,tiktok,,false
2cc22e79-dfe3-494b-996d-b80ef600707b,2026-08-17,tiktok,,false
2d5ccfbb-a071-4322-92c8-14e6c8ddf5ce,2026-08-17,tiktok,,false
3fc788d5-385f-4e2e-ade4-fa55424900a2,2026-08-17,tiktok,,false
3fde5460-0aed-4342-9c1f-6d01cd79e883,2026-08-17,tiktok,,false
43cb406b-9c30-4d0d-88cb-5e8d26cccb2a,2026-08-17,tiktok,,false
449d2a82-e3c8-4edd-a36e-4153a19132f0,2026-08-17,tiktok,,false
46ac5325-fbcb-4a51-89ae-d3016028710d,2026-08-17,tiktok,,false
4d171614-21a0-4448-a11c-6c357a796338,2026-08-17,tiktok,,false
4fee1369-f1b8-4499-9711-56df485f1bfb,2026-08-17,tiktok,,false
5ab95a50-db0c-4f10-83af-a2c2a0d2b294,2026-08-17,tiktok,2026-09-24,false
69646457-4337-4ff6-9597-f4e8a8ec61e2,2026-08-17,tiktok,,false
700e7b36-68a6-44a6-a79d-930974087f3d,2026-08-17,tiktok,,false
70601eba-2daa-4ae4-999d-db9d5aca885b,2026-08-17,tiktok,2026-09-30,false
74dbddd8-72ee-4633-a8b8-118f99a03a34,2026-08-17,tiktok,,false
7a69497f-a46e-4693-bb9c-aba27c9c2ee6,2026-08-17,tiktok,,false
7b4d73d4-bfb8-434f-906f-87f40c9c40ce,2026-08-17,tiktok,,false
7c0f713c-711f-40a8-822d-b24db0efe0a6,2026-08-17,tiktok,,false
7c852a2b-ec04-4704-83f3-9aaac5cb8871,2026-08-17,tiktok,,false
85791fdb-efbe-4b17-a309-a099cde64219,2026-08-17,tiktok,,false
896614d9-7dc1-4585-a9b6-f5f54b0909f3,2026-08-17,tiktok,,false
943ab77a-aced-46d5-be53-41a89e5604ea,2026-08-17,tiktok,,false
a76df80f-8b4f-4ab4-b6af-48061c86562c,2026-08-17,tiktok,,false
a7bc5425-2bc4-4419-8ba1-f897a74f0042,2026-08-17,tiktok,,false
acbb90ec-e88a-449e-b694-f0729f722bc3,2026-08-17,tiktok,,false
b9a25f71-eebe-4be2-886c-f481c412a57b,2026-08-17,tiktok,,false
bb6be000-392b-4ef2-8df3-fce7b2e40aa9,2026-08-17,tiktok,,false
c55a8b62-328e-4ca2-8d59-bdb9cfa3aaef,2026-08-17,tiktok,,false
cb366b6f-8458-412f-8574-dc1d6d489e6c,2026-08-17,tiktok,2026-09-22,true
cf8311d3-b05d-47a3-9f67-0bc7855c92cd,2026-08-17,tiktok,,false
d0577125-2635-4d57-85ec-782e83024e37,2026-08-17,tiktok,,false
d2aec14d-341c-498d-938f-0342d9096926,2026-08-17,tiktok,,false
d6e73020-cd11-4617-b26e-932485629894,2026-08-17,tiktok,,false
d872a340-1e05-4ddd-bae1-68a2e23f2b2e,2026-08-17,tiktok,,false
dae802ea-1b62-4bf7-9d3c-11ced830fbac,2026-08-17,tiktok,,false
dff6caf3-71b4-4ee0-999c-d0a0ea64a8ba,2026-08-17,tiktok,,false
e6566fe8-15b3-4de5-a003-d9900111fd0e,2026-08-17,tiktok,,false
e7cc66eb-1214-476e-a7ee-db0aa7d73d6e,2026-08-17,tiktok,,false
e91760c2-1aa2-4ad1-9678-c0d0274b8cfa,2026-08-17,tiktok,,false
eafe16c3-53f2-4b42-a096-ab924ef37436,2026-08-17,tiktok,,false
fa815fb1-329e-483c-89bd-5cf4eab76cb0,2026-08-17,tiktok,,false
0abd65cc-807e-4eb4-bc1e-6bb0b24f794c,2026-08-18,tiktok,,false
2c4cdfb1-8aea-4bd9-984c-2d0cc43b1659,2026-08-18,tiktok,,false
2f5e7fa1-11c0-46ca-9a60-92755da1cd24,2026-08-18,tiktok,,false
36ec7261-af2d-420f-a1a3-01e4ce9f1e71,2026-08-18,tiktok,,false
3acd087d-ae0b-48f7-9c34-52ecd2fad9ac,2026-08-18,tiktok,,false
58731290-e582-4708-8554-83f711ffd5d8,2026-08-18,tiktok,,false
5f661662-02aa-4f80-8760-d664edda89a9,2026-08-18,tiktok,,false
661574db-f8fd-45ac-90b0-f96488229a62,2026-08-18,tiktok,,false
66d42b49-2f52-4ca9-b470-254c9b6b767e,2026-08-18,tiktok,,false
7b6d06b3-e940-4b85-ae25-46e561b35a88,2026-08-18,tiktok,,false
8c6ed936-d796-4f79-9aa7-7033757eac6a,2026-08-18,tiktok,,false
8dff0a26-1ea7-4c40-b86c-9960f6f0aed4,2026-08-18,tiktok,,false
8ec1cf8a-ad3f-4e9f-9aa5-d7e88ba93b01,2026-08-18,tiktok,,false
96b0b408-8208-4275-b0de-4d9306f5243f,2026-08-18,tiktok,,false
a728c64b-a2a3-461b-a16e-b341e8dc5412,2026-08-18,tiktok,,false
a958be06-4964-4ea5-a5db-df5e8115209b,2026-08-18,tiktok,2026-09-17,true
abc330e1-0c5e-441b-93ab-ab33724c96fb,2026-08-18,line_oa,,false
ad12afb1-70e4-4bd6-97b0-26f996b0938d,2026-08-18,tiktok,,false
adc7457b-fdd0-41a3-a8b0-4e4bfde94f1f,2026-08-18,tiktok,,false
ba06aca0-9ba3-43c5-86b0-5fbf1c957fc9,2026-08-18,tiktok,,false
bebdabe1-12d9-46d2-9d8a-cd6020feaf84,2026-08-18,line_oa,,false
e1e3b0c6-1590-405c-841b-9b28896642a4,2026-08-18,tiktok,,false
f1e1af25-f670-4445-8623-20673c9c83e0,2026-08-18,tiktok,,false
faa5d1b6-6c02-4633-9a0c-028e1dac7c38,2026-08-18,tiktok,,false
07ffb6cf-2264-4b41-8558-33acb75c9cc3,2026-08-19,tiktok,,false
0cf04bc5-4dbb-4b9a-ae14-f52982d8609c,2026-08-19,tiktok,,false
378981a4-843c-45cd-8dd0-f8a4deded804,2026-08-19,tiktok,,false
4e26fb38-5d4c-4774-8855-aa2600cf9702,2026-08-19,tiktok,,false
69387375-ef34-45d0-b38e-c453a5effdc8,2026-08-19,tiktok,,false
6da6e3c7-5823-452d-b673-2935a7cca6a1,2026-08-19,tiktok,,false
7ee7b1f6-7784-4e80-ab6e-e6e7ff3d3d78,2026-08-19,facebook,,false
84c27837-ecb0-4373-85dd-a3179681a917,2026-08-19,line_oa,,false
8e058393-3fe6-4a24-8f89-7b98410a6d15,2026-08-19,tiktok,,false
8eca7c40-01db-4915-8727-36ce020d31d8,2026-08-19,tiktok,,false
9430e84f-3052-4ec9-8a86-4f5748603e1a,2026-08-19,tiktok,,false
9792c665-1c26-4ae0-82ed-20ef0417755e,2026-08-19,tiktok,,false
a87581e3-6838-43b9-8bcf-948967935d03,2026-08-19,tiktok,,false
a930bd07-5cb0-40d2-a3a9-3ae979afbb58,2026-08-19,tiktok,,false
b913c157-e68d-43bd-97af-ea4a5d069c25,2026-08-19,tiktok,,false
c0905bcb-fb5c-4035-ab72-cacde15a9a00,2026-08-19,tiktok,,false
cafae822-1424-48eb-bcd4-ee0a446b9002,2026-08-19,tiktok,,false
cbaaf1ed-bc96-4225-9d77-59dcd5a9c364,2026-08-19,tiktok,,false
cc1bb2b5-4348-45f0-be59-647622807e15,2026-08-19,tiktok,,false
cebdd595-80db-4c2c-9f5d-b30e47570d34,2026-08-19,facebook,,false
cee70657-baab-42a4-8510-545b754a11a4,2026-08-19,tiktok,2026-09-12,true
f2f737f0-1932-4d9b-a5a5-a1fcfd51ce27,2026-08-19,tiktok,,false
f76839ab-d5b6-4546-927b-1dd488118bda,2026-08-19,tiktok,,false
f9c595a8-26eb-4673-ae12-55cda58670e0,2026-08-19,tiktok,,false
1edde567-8274-4080-9da5-4301d9727bfa,2026-08-20,tiktok,,false
2ce24c87-0dce-4468-8b5d-f66c1d919443,2026-08-20,tiktok,,false
3cab5900-97e2-4853-8164-3ef4b4e0389f,2026-08-20,tiktok,,false
4f0bce02-cd02-461e-841d-6a6afb886b29,2026-08-20,tiktok,,false
59556af4-f635-4cee-97fe-3418827bd18e,2026-08-20,facebook,,false
918f58c1-f30e-45ea-bda1-9b8bc9ef8a01,2026-08-20,tiktok,,false
942d446a-e70a-42ff-adaa-83a3a010ecce,2026-08-20,tiktok,,false
9deaed4c-76ae-4ee7-946a-ed6d6311d262,2026-08-20,tiktok,,false
a50dbedf-2ac0-4bea-9883-5638ee18fdb6,2026-08-20,tiktok,,false
a822b8ed-d180-44ab-bf35-1a5f7882c6b3,2026-08-20,facebook,,false
aaf39f0b-23e1-4ef2-a9d3-219a62dfe8f3,2026-08-20,tiktok,,false
b0a81972-4165-4617-91cd-7b942b98f1a3,2026-08-20,tiktok,,false
b1283f1b-4462-4f85-9bb5-36311847be18,2026-08-20,tiktok,,false
bc12b47c-1a79-4f4c-8f4a-128d5448d0c3,2026-08-20,tiktok,,false
c44601d9-88fc-4769-a017-291206a7c38d,2026-08-20,tiktok,,false
c5298332-9c23-4045-af9d-73ecf71764fe,2026-08-20,tiktok,,false
d27b79b1-2177-43fe-b183-ef29c2ead8c5,2026-08-20,tiktok,,false
db27704b-fef6-4251-833a-a4a4bc59bac6,2026-08-20,tiktok,2026-09-24,false
4d0949a5-629b-4466-ad44-ae528652852f,2026-08-21,tiktok,,false
61663e3b-1332-410f-b77c-e464a9447d87,2026-08-21,line_oa,,false
d7472c15-2cbb-4363-9806-1b2ebe250980,2026-08-21,tiktok,,false
2c5cd00f-c305-4417-ab6f-f45ce4beac47,2026-08-22,tiktok,,false
30b75e44-236a-44d6-bf21-f6a81c802b01,2026-08-22,tiktok,2026-09-09,true
60d87559-5630-4645-9e0b-9bd22bbfad46,2026-08-22,tiktok,,false
6323f21d-43d7-4f1d-817a-904404b926bc,2026-08-22,tiktok,2026-09-26,false
6c02bdc7-bc83-4030-ae46-64709cec4018,2026-08-22,tiktok,,false
9b3baf5c-c7a5-4f6d-9c1d-61160d662214,2026-08-22,tiktok,,false
a5499777-becd-4b31-82a6-a03f5f4e2ec4,2026-08-22,tiktok,,false
b69292bd-f260-46d5-9639-c175d7c64bc8,2026-08-22,tiktok,,false
c3a791b9-9a56-4d3a-b98a-c3ca886f40e0,2026-08-22,line_oa,,false
d85c54ae-d120-41c7-bf6a-34013070738c,2026-08-22,tiktok,,false
0b9d99f0-c82e-4429-bde7-3e122b47c6bd,2026-08-23,tiktok,,false
109fe12c-3b41-4b6c-a6ea-e15992023951,2026-08-23,tiktok,,false
1adbbc49-af32-4959-94a5-820cdb75bb74,2026-08-23,tiktok,,false
207251c0-4025-4554-8948-781d6d3830eb,2026-08-23,tiktok,,false
49174268-d411-4534-ad22-481cd3bdb841,2026-08-23,tiktok,,false
60aa76f1-c6a1-4f54-a6c9-5c922b373d24,2026-08-23,tiktok,,false
72b50e0a-e762-45cc-b02f-32b0af115c7c,2026-08-23,tiktok,,false
7e1a2464-f5f3-4a43-8a33-f7bb0daf664a,2026-08-23,tiktok,2026-09-29,false
a456f809-bf8b-4fb3-8bd2-fdff3ceef076,2026-08-23,tiktok,,false
d1cada20-4d80-4133-a302-27ceabcfdbfc,2026-08-23,tiktok,,false
d96cfc75-bbc9-4a47-a58d-01333dcd919a,2026-08-23,tiktok,,false
f2862c0d-f926-4f29-a0b6-cc164a0eac37,2026-08-23,tiktok,2026-09-19,true
f91a080b-9eab-465d-9ae2-7782c9663d52,2026-08-23,tiktok,,false
0708a7f5-fe74-4500-a9e8-3a1a6d2608d3,2026-08-24,tiktok,,false
12730bff-541e-4e26-ab6b-75c74b22a648,2026-08-24,tiktok,,false
30932f8b-3799-4113-9837-391a2fac8439,2026-08-24,tiktok,,false
6dbc06cf-15bc-4257-9061-09cd096678f6,2026-08-24,tiktok,,false
77117657-4abd-4631-b615-dbd887bb313e,2026-08-24,tiktok,,false
79fdb25f-ee2b-4cc9-b3e4-36aacf1c5093,2026-08-24,tiktok,,false
8f8b50c3-b8e9-4cfe-9b4c-8c83e134d8cb,2026-08-24,tiktok,,false
97694c61-5d7e-431c-b108-f86f5ac687c7,2026-08-24,tiktok,,false
cbcef1b1-dd6f-41da-a6d8-db5d19184e53,2026-08-24,tiktok,,false
d8ee2e86-6bef-42fb-93ba-477a1c437d38,2026-08-24,tiktok,,false
ed53f3a9-2bdf-4db7-8035-535122f250f5,2026-08-24,tiktok,,false
efc17be6-22f3-410e-979b-dcf73a4edb4e,2026-08-24,tiktok,,false
ff712181-9989-4617-be4d-fd8aa044e65e,2026-08-24,tiktok,,false
031c1636-e854-4b76-bf5a-e4a98d770054,2026-08-25,tiktok,,false
0d2d5d2d-46b1-47c3-854d-afd2a0047536,2026-08-25,tiktok,,false
116989d6-bf3c-4dfa-b782-87fca7fa7d12,2026-08-25,tiktok,2026-10-02,false
22f69f3a-5088-4ce8-8946-6f1c86a38799,2026-08-25,tiktok,,false
2ca29753-4ee8-46e1-a40f-2ded56041d42,2026-08-25,tiktok,2026-09-11,true
367e27ee-3c26-422e-8416-af8340038566,2026-08-25,tiktok,,false
3e95d889-b189-494a-9115-e0020ea0e7ab,2026-08-25,tiktok,,false
40426f7e-7a19-4c9c-b020-84584eb9c726,2026-08-25,tiktok,,false
4cd8279b-8912-4d9a-9f70-0ba3d7f02858,2026-08-25,tiktok,,false
50628991-b48f-4ea8-90d6-1aa87ae1c63c,2026-08-25,tiktok,,false
52ca1a75-7b0a-4708-aeb1-7ffeb5a35ece,2026-08-25,tiktok,2026-09-26,false
530d4ef0-1039-4a99-81cd-efaaf9c07b82,2026-08-25,tiktok,,false
69475fd8-7cf2-4e55-9cac-8de5337fa05f,2026-08-25,tiktok,,false
696641f1-78dc-4c38-8e90-7ba01775fdab,2026-08-25,tiktok,,false
6e180d8a-7f94-4529-8f87-a919da4fe043,2026-08-25,tiktok,,false
7a2c6018-f605-4b71-a1e3-0828eadceb11,2026-08-25,tiktok,,false
972c693a-82a1-4621-b69d-793ad86379a1,2026-08-25,tiktok,,false
a26e01d8-e233-4204-a808-33f25d301205,2026-08-25,tiktok,2026-09-10,true
a8478a3b-6277-45b9-b287-882f0f267171,2026-08-25,tiktok,,false
ad9062d9-838e-4c6c-996e-1e67fd057f1f,2026-08-25,tiktok,,false
aefa1097-4dca-4c0f-8c49-4e518e9cec79,2026-08-25,facebook,,false
b3b65155-81ec-4e7d-a51f-50a5ebf850e2,2026-08-25,tiktok,2026-09-21,true
ccdc7ddb-6eb3-4d97-9ead-f6da2c999f9d,2026-08-25,tiktok,,false
cd9f7374-151f-4897-a645-5748ffa43127,2026-08-25,tiktok,2026-09-18,true
cdb841cd-59c9-4e89-ab7d-a27ff8da0f5b,2026-08-25,tiktok,2026-09-14,true
d32a4572-3ca8-4f87-872e-5aa17b194681,2026-08-25,tiktok,,false
d9a248ef-5256-4ca8-a029-a6b37ec30505,2026-08-25,tiktok,2026-09-11,true
dcbc9086-ecc7-4a3b-8a07-693401b24766,2026-08-25,tiktok,,false
ec37aeb4-bc17-471d-8fd6-d802b41bb90a,2026-08-25,tiktok,,false
f02ceafb-c22f-4011-8754-77adf79057f8,2026-08-25,tiktok,,false
fba9069e-8dfc-495f-9319-66f9d32cbabb,2026-08-25,tiktok,,false
0af77448-5fa5-48ab-853e-0ac8f8b2545b,2026-08-26,tiktok,,false
0b95ee04-ca05-4b16-a7c8-b0bdfc905efc,2026-08-26,tiktok,,false
10e88cb0-a260-4aea-bb88-290e798ade40,2026-08-26,tiktok,,false
137e284b-4031-4475-aa4f-ab12fc4bd233,2026-08-26,tiktok,,false
1e11987a-9607-4761-9290-ffb20adf48a5,2026-08-26,tiktok,,false
2807d36a-33f7-4497-a108-df4373399412,2026-08-26,tiktok,,false
2aeaa351-3ee3-46cf-b832-d065d7883459,2026-08-26,tiktok,,false
2c6d5744-2abb-44d4-a958-ae5ec3c3776b,2026-08-26,tiktok,,false
477d3a0a-c284-481c-9d41-a195a79d35ee,2026-08-26,tiktok,,false
5abdb62a-6c4a-4b20-bdaf-503506513a1c,2026-08-26,tiktok,,false
653f5fb0-581d-4dc6-b905-b98c74632a04,2026-08-26,tiktok,,false
93f1e516-83ef-409a-9c06-712e5234a28e,2026-08-26,tiktok,2026-09-12,true
964a4e6f-957c-4589-8eed-85967cb7e76a,2026-08-26,tiktok,,false
9c57d9ba-7e5b-451f-987a-1087352f526b,2026-08-26,tiktok,2026-09-23,false
a5619f16-400d-499a-8f95-b5f920d4bf0f,2026-08-26,tiktok,2026-10-03,false
ab3d11b1-0b6c-4fac-ba17-cd2af08a2cd4,2026-08-26,tiktok,,false
bfa454ad-e2ac-4059-90ba-ef1e1587827c,2026-08-26,tiktok,,false
cc0b6909-7892-4e29-8d64-66e233134c66,2026-08-26,tiktok,,false
cebf4cb2-5361-45b7-9608-4a050b17cf51,2026-08-26,tiktok,,false
df913a8a-34d0-49a6-b323-bf268e19829a,2026-08-26,tiktok,,false
e2b2db6f-ec1d-4fe7-a43e-be86358c2f33,2026-08-26,tiktok,,false
e553ca96-cc81-497f-8ad7-36bfa0d6cf12,2026-08-26,tiktok,2026-09-11,true
feb22434-60aa-4b63-b2ca-5bb4f55da264,2026-08-26,tiktok,,false
0ad5ef4e-76ee-47ce-97b7-5394e17a05f3,2026-08-27,tiktok,,false
0bcf5a36-81f6-4806-bdfc-22c893d2a7e6,2026-08-27,tiktok,,false
3b57b574-0fbd-4d19-baa1-803726d8d692,2026-08-27,tiktok,,false
5f38ac2d-6413-4e0e-b04d-6592900f11b9,2026-08-27,tiktok,,false
7d7ac9f9-04db-4b74-8656-574a9d02e307,2026-08-27,tiktok,,false
83201f3e-89ca-40fc-a10a-f7c373f406f7,2026-08-27,tiktok,2026-09-14,true
878efa3a-a0f3-4f37-87a2-ceaa5ebc8896,2026-08-27,tiktok,,false
96302a84-3457-4f0a-bc52-fb8bd42e0cf3,2026-08-27,facebook,,false
d11f0b6a-9279-499f-8bbe-44ed81dd0a9c,2026-08-27,tiktok,,false
d8123dc9-74ca-4f13-8224-c8a58971f97b,2026-08-27,tiktok,,false
d8db007d-038d-4c55-88bc-b6664e4a5563,2026-08-27,line_oa,,false
ec82b0fb-b188-4768-a427-51efebcb7da2,2026-08-27,facebook,,false
f9fbfe43-2a08-4734-b3a8-a17c96abaa90,2026-08-27,tiktok,,false
2a37b327-47e3-4b1b-94e9-258f9343878c,2026-08-28,tiktok,2026-09-15,true
2c94ff4f-bc07-415d-8ba1-54aae712ca9b,2026-08-28,tiktok,,false
371ec952-f321-4d03-9621-de3284471a33,2026-08-28,tiktok,,false
37d83ffc-a9b0-4272-bf51-1bda59781c5b,2026-08-28,line_oa,,false
3869e235-0c69-474e-ab26-e710b6b2065c,2026-08-28,tiktok,,false
3c0d7ede-1179-4eee-a9c2-1e8e7cacd602,2026-08-28,tiktok,,false
563dabe9-037a-4cd4-ae4c-5ec0ff0fcaca,2026-08-28,tiktok,,false
5728e6c9-c098-41a9-adbc-f39a3956d0f3,2026-08-28,tiktok,,false
57d041ae-9a38-48ed-90c4-54df7dc4b621,2026-08-28,facebook,,false
8d6f9b9c-ff81-468a-8a44-5296d5f3bbab,2026-08-28,tiktok,,false
91657c5f-6041-4040-8e7a-6fa7def5bbc3,2026-08-28,tiktok,2026-09-24,false
9d729a19-7213-466e-a54f-9b65c5b86c6d,2026-08-28,tiktok,,false
a0cd8eef-c394-40fb-ba4f-e51b56ae6153,2026-08-28,tiktok,,false
bbbf2128-4fed-459d-a33d-64903ee3321d,2026-08-28,tiktok,,false
bc288f2c-8d9b-4c54-b6fc-80cb64beb3f7,2026-08-28,tiktok,,false
ca1e3223-1120-4cfa-a15e-c26cfe17540d,2026-08-28,tiktok,,false
f51141c5-9db3-419b-8464-a6dd0476d364,2026-08-28,tiktok,,false
1c80a01f-e770-4ecc-ba99-e2d282105dad,2026-08-29,tiktok,,false
3067ecb9-f743-46a4-ac0d-4aef83b9503c,2026-08-29,facebook,,false
376d6088-2e7f-46e5-b774-0ffabe536842,2026-08-29,tiktok,,false
407b30fa-ef8f-448d-8bf6-0b0cf586a2b6,2026-08-29,tiktok,,false
b0064915-d607-466f-9d97-78c2b43c7965,2026-08-29,facebook,,false
becdcdf1-a11c-47cd-aadb-d98d1c9fc2ae,2026-08-29,tiktok,,false
c5977dae-2906-4772-af43-78cac5f7e9fa,2026-08-29,tiktok,,false
c5b5a33e-ab5a-46c3-8bcd-db577abad9ae,2026-08-29,tiktok,,false
d9f67c0d-4ca5-4c3c-861e-fecb3b5a828a,2026-08-29,tiktok,,false
e97b0bfa-c561-4ad2-85f9-b27f670cc20a,2026-08-29,tiktok,,false
e9d7ab4c-75fb-4987-81bc-b0be937eef57,2026-08-29,facebook,,false
14e744f1-5201-445e-b6e2-bcfb125163ef,2026-08-30,tiktok,2026-09-27,false
266c198e-0ace-47a3-b0fe-2906bdae19d2,2026-08-30,tiktok,2026-09-28,false
4e490bde-6f50-4e0a-948b-908d5847e08a,2026-08-30,tiktok,2026-09-13,true
55845f61-da4f-427c-9642-04882f26a84b,2026-08-30,tiktok,,false
94d91641-9e38-4b76-9a34-9532c81b269a,2026-08-30,line_oa,,false
9f4ed081-3077-4db3-a1f2-38d364faf619,2026-08-30,tiktok,,false
a2cd8ba0-7d9d-4e9c-b5f8-1c8f98a54429,2026-08-30,tiktok,,false
b0efb865-bf14-45a5-a8f6-ad07c94a81fd,2026-08-30,tiktok,,false
b14ad769-ce9c-4d3e-9ac1-841d20b1affe,2026-08-30,tiktok,,false
ea7c9117-e475-4926-b422-006d063d4a62,2026-08-30,tiktok,2026-09-15,true
057fe6ff-38a6-4058-922b-eaa08b0219a5,2026-08-31,tiktok,,false
0d37dec9-1455-4aac-9769-66dfe24b5b7f,2026-08-31,tiktok,,false
1558f42b-97a8-4b3b-839c-e5e805c44e31,2026-08-31,tiktok,,false
263fdcb3-d1d8-4888-9d33-e2f476d810fc,2026-08-31,tiktok,,false
3093b9e2-7f90-445e-aba2-61d94dfd14dd,2026-08-31,tiktok,,false
4418d1bb-6ee5-417f-8899-244aec0f372e,2026-08-31,tiktok,,false
4fbe68c4-c19f-4c04-99d6-ff12ab611789,2026-08-31,tiktok,,false
534d4a1d-4d0d-45e7-9d4d-714fad056e2c,2026-08-31,line_oa,,false
5909e367-379d-4a31-9ee8-38912104dbbd,2026-08-31,tiktok,,false
61f9dfa2-f05e-49f0-aced-192ca540e6af,2026-08-31,tiktok,,false
797a8856-0612-4456-9243-4078d48e39ee,2026-08-31,tiktok,2026-09-11,true
87e37490-3e39-4bc2-a2c6-cf15bd16d312,2026-08-31,tiktok,,false
f6009935-29f1-452c-94b0-253e71ce4bc0,2026-08-31,facebook,,false
f777195a-872e-4f6a-b297-47f39d662cf7,2026-08-31,tiktok,2026-09-19,true
03b607e2-438b-4898-8f00-74fd903fa783,2026-09-01,line_oa,,false
0ac40074-634b-4477-be31-62c980de4ed5,2026-09-01,line_oa,,false
1611137c-5058-45f9-87b0-9ac220faa2c4,2026-09-01,tiktok,,false
3d834f33-9992-4163-83ed-e6a2da96fe0e,2026-09-01,tiktok,,false
3fb80d4d-6540-4b1b-9320-861e869c48e5,2026-09-01,tiktok,,false
5c8bcfc5-5286-4509-a28f-3343c6904a98,2026-09-01,tiktok,,false
802ef52e-ccbc-437e-988c-a33ed57fe2f1,2026-09-01,tiktok,,false
9916605f-e675-4d3f-b344-610a86fa61f8,2026-09-01,facebook,,false
a7ed5845-4cc3-4e48-bce1-95f798d375b4,2026-09-01,tiktok,2026-09-18,true
b94e3388-992a-4661-8ace-124fe1989bbc,2026-09-01,tiktok,2026-09-26,false
bbd0fa31-bc9f-4a55-b42c-5bd3afc3201a,2026-09-01,line_oa,,false
c37f14ef-6692-406c-9211-912fbadb5dc0,2026-09-01,tiktok,,false
c6a6665f-bbdd-4f0b-902d-5eeda7d4b811,2026-09-01,line_oa,,false
c9dc49df-19ff-47b9-a7a9-2b35d777800d,2026-09-01,tiktok,,false
ccfca185-92e3-4f0c-b633-165d2941e3e5,2026-09-01,tiktok,,false
ce513b63-b4ad-4949-9f22-fe5a60c65d7a,2026-09-01,tiktok,,false
e0367b86-c1cd-4399-937d-f89be7072e53,2026-09-01,tiktok,,false
ebe35c12-a7e4-4dea-bacc-f0e69d0fe230,2026-09-01,tiktok,,false
f64b6aff-3026-4f43-bd2d-e688b84b9851,2026-09-01,tiktok,,false
001fa0d3-aabb-4578-913b-cd865b249ab7,2026-09-02,tiktok,,false
0cdbb23e-3567-40bb-af29-cb59d08acecd,2026-09-02,tiktok,,false
391880ae-4912-4953-8bf7-1dd8e1481db1,2026-09-02,facebook,,false
458547a6-2a62-4420-ab85-a53b2d37d066,2026-09-02,tiktok,,false
46869f7b-6bf6-4157-a500-bff72d328245,2026-09-02,tiktok,2026-09-16,true
4b136d53-e14b-4fb4-93c2-e77d03978fb4,2026-09-02,tiktok,,false
5023c964-5207-4ed2-866b-ff0993807f07,2026-09-02,tiktok,2026-09-09,true
523038fd-b594-4f69-b4f5-f254febff048,2026-09-02,tiktok,,false
56dfcd43-bae6-42ae-a8ae-7e8473a8c235,2026-09-02,tiktok,,false
5af41643-0000-472a-9352-de200429d8d5,2026-09-02,tiktok,,false
6ad65fc3-0b8e-4b34-a778-624d80b5200b,2026-09-02,tiktok,2026-09-18,true
75bdb9be-d318-440e-9c15-7ca0e980fb0d,2026-09-02,tiktok,,false
7c349189-79b8-411e-b8ad-87997188867a,2026-09-02,tiktok,,false
81642b67-0c34-4d1b-be36-4ced7f7ede10,2026-09-02,tiktok,,false
8b7050d1-f3eb-4ff8-9943-415fd1661ba0,2026-09-02,tiktok,,false
9c0ca5fb-98b7-40a7-b647-5f47b398f417,2026-09-02,tiktok,,false
9c6e44dd-9326-48b9-a142-19aaf6d9f882,2026-09-02,tiktok,,false
9fd02af3-9398-4094-ae4f-3732d05763db,2026-09-02,tiktok,,false
a1926fd9-fdc6-47cc-a73a-1e5ca0f7e574,2026-09-02,tiktok,,false
a81a96ef-10c5-410d-96ec-d759ac6452e8,2026-09-02,tiktok,,false
bd11bfa7-4bec-4edf-b1c9-3db56fbae539,2026-09-02,tiktok,,false
be0a3ee4-c668-445b-9774-85581b24c015,2026-09-02,tiktok,,false
c75bd4ae-2f46-47a7-8ad2-91f326c9e69a,2026-09-02,tiktok,2026-09-27,false
cee38ac5-4ae8-4bda-bdc9-ab0064b60bee,2026-09-02,tiktok,,false
d80d85a9-4e8f-49ec-944f-4052959583c1,2026-09-02,tiktok,,false
f1e181ab-8bec-42ed-8ee5-6f82212c04b5,2026-09-02,line_oa,2026-09-11,true
f9263031-3dca-4b00-abda-6d91ffceb827,2026-09-02,tiktok,,false
048bfaae-9ce4-41f8-9201-d256f012b90e,2026-09-03,tiktok,,false
26a696dc-dc8e-439f-9032-14fab00538cd,2026-09-03,tiktok,,false
296fc1f8-a37e-4e08-a917-bc9ecb72dd9d,2026-09-03,tiktok,2026-09-22,true
34eed323-11b3-4d56-a84a-e0caadb2599b,2026-09-03,tiktok,,false
3ca083c4-0ede-4d66-abf2-f8a408e03eb5,2026-09-03,tiktok,,false
3e00ef27-29f2-4ce7-9266-a4ece82ba30d,2026-09-03,tiktok,,false
3e0313d9-3e79-42ee-bd44-b9438a78bfb7,2026-09-03,tiktok,,false
3f55e0d7-216a-46a4-b30c-55dac9194c6e,2026-09-03,tiktok,,false
8c4c9ddc-e365-458a-91d3-d6978f71cecf,2026-09-03,tiktok,,false
90452a55-0534-4752-bddb-1c12ed7775e8,2026-09-03,tiktok,,false
add53c1d-1816-4585-9320-38361aef30b0,2026-09-03,tiktok,,false
b997af8a-cb24-4533-b0e4-89ce9915ce78,2026-09-03,tiktok,,false
bfbd3eee-1c16-4eac-8e13-42dbf82354bf,2026-09-03,tiktok,,false
d1cefddc-0af2-40e6-bbc6-08ca849f40af,2026-09-03,tiktok,,false
d3d2802b-3f81-4849-8f2c-6a22b5ec5d08,2026-09-03,tiktok,2026-09-16,true
d4784d7f-a06c-488f-aa3e-a65675dc2d95,2026-09-03,tiktok,,false
e18b730d-478c-4675-ac5e-6edcc27ba82e,2026-09-03,tiktok,,false
e370bd67-50fb-46d7-9222-89db8b9e20ba,2026-09-03,tiktok,,false
e6315caf-e8f6-444c-aeac-b51307ff4c09,2026-09-03,tiktok,,false
e6af3775-439e-4a35-86ea-29c329887322,2026-09-03,tiktok,,false
ed69b044-21ac-41d2-ac6a-65b9173eec32,2026-09-03,tiktok,,false
0f93cb18-99e6-49e1-bfb2-af4a8431a4fc,2026-09-04,tiktok,,false
192e0721-32be-4097-96ca-4b793bf53d91,2026-09-04,tiktok,,false
1b008657-020e-46ba-837b-4506a2136e66,2026-09-04,tiktok,,false
3275beb8-d45d-4c9b-bf91-5558cad4148f,2026-09-04,tiktok,2026-10-02,false
33397a72-cdbd-48c5-965b-0d14b6c12b61,2026-09-04,tiktok,,false
3bce2ff6-ea4b-453c-ad11-7adb7b1f222e,2026-09-04,tiktok,,false
4363e686-022e-49b1-ac2a-93b7ee98673a,2026-09-04,tiktok,,false
5b534cff-6680-4dcc-9b37-0d6a6901d868,2026-09-04,line_oa,,false
82cea91d-4d81-4a91-9562-ae0961623b14,2026-09-04,tiktok,,false
92d7eff2-cf51-4b9d-baae-2b2b56ef4142,2026-09-04,tiktok,,false
95f0ce92-9c39-4d92-85a6-889fdc099070,2026-09-04,line_oa,,false
9f57f45b-0f1b-4e96-b81f-39f5a222cba9,2026-09-04,tiktok,,false
a8b51452-7834-4496-a456-7ff14613f846,2026-09-04,tiktok,,false
b7d7d6ca-706f-4c2e-a188-becdea6893b3,2026-09-04,tiktok,,false
bb4ff5c4-727d-489e-80cb-2093edeb1acf,2026-09-04,tiktok,,false
bc1a19d7-8b0d-4434-9103-d8ee1a9524c6,2026-09-04,tiktok,,false
be1d6b91-615f-4a29-a7e7-a5bdad16fec6,2026-09-04,tiktok,,false
e23ab6cc-7537-485a-88af-4cad6dfb68b8,2026-09-04,tiktok,,false
fb3b7443-75c9-468c-86f8-32b72234599d,2026-09-04,tiktok,,false
fd24faf5-7268-4567-88f4-1fe950e63ecd,2026-09-04,tiktok,2026-09-12,true
ff94d242-f706-43bc-9b5b-e4244a565025,2026-09-04,tiktok,2026-09-12,true
03a1b942-d73a-4441-b2d7-8d1c6cac0e2f,2026-09-05,tiktok,,false
dc6f4a1d-7ca7-42b8-8d7c-1a7bbfe8b052,2026-09-05,tiktok,2026-09-28,false
fa365159-54cb-417d-9517-f3ea87f4e637,2026-09-05,tiktok,,false
06d64b3c-72a0-404d-b352-c7795de0c7f1,2026-09-06,line_oa,,false
15a27b29-af69-4818-bf1a-00f5cdb4cb0f,2026-09-06,tiktok,,false
6b401716-8b59-46e5-952a-54c747f25f8e,2026-09-06,tiktok,2026-09-21,true
972e2f65-c34b-4c58-8416-909eff22f8fd,2026-09-06,line_oa,,false
aaf576b2-7958-4bc6-ba2b-f21cb8b2a998,2026-09-06,tiktok,,false
d781e785-1f17-4edb-915c-99b58d3b9056,2026-09-06,facebook,,false
dae367bc-e918-47ae-ae29-c811bf57bdd9,2026-09-06,tiktok,,false
fa5f6ab3-8bd9-4637-8565-2ec4b66c60fe,2026-09-06,tiktok,2026-09-26,false
1962bb1a-518a-4e6e-b60d-38bdab87fc80,2026-09-07,tiktok,,false
2dde3877-bf4a-4c09-8491-1fd97c1631b0,2026-09-07,tiktok,,false
43564265-adc9-4087-b2ac-0990a7d63b0c,2026-09-07,tiktok,,false
49f233f0-34ad-48a7-aa22-00da8c62e2ab,2026-09-07,tiktok,,false
5627f905-8d59-41e9-97ee-9c3c6956a663,2026-09-07,tiktok,,false
59f0cb88-999e-4e8b-8093-eabe1b0fbba2,2026-09-07,tiktok,,false
6dc67de5-3329-4cd3-9be9-11b559793770,2026-09-07,tiktok,,false
787badc8-addb-491f-b020-8c0ec82b47d9,2026-09-07,tiktok,2026-09-16,true
83055dcd-ee71-4623-adb5-b2ff8ae9cd49,2026-09-07,facebook,,false
89d60681-cd7e-4df2-9515-d44fde1d6533,2026-09-07,tiktok,,false
8a671019-5a54-44d1-b6bd-2d22c1138c6f,2026-09-07,tiktok,2026-09-10,true
9736dc01-6af6-41bd-b5a2-2e6614423400,2026-09-07,tiktok,,false
9cb41426-ee6d-45ee-a5bb-0b84ac187e21,2026-09-07,tiktok,,false
a5c42777-5826-44bf-90a7-23a7350dc72a,2026-09-07,tiktok,,false
cc0b41de-a7d6-4e0d-8988-f5c0dec20db7,2026-09-07,tiktok,2026-09-10,true
d893c350-b1a2-4e74-9fa4-b8b04bf99caa,2026-09-07,tiktok,2026-09-09,true
db0bc79b-7319-4b1d-8c44-2f1c80f028a2,2026-09-07,tiktok,,false
f852b66e-8e1f-4e0e-91e5-ad1a8ff47b67,2026-09-07,tiktok,,false
038360a1-96fb-4ab2-862a-88cb67a94233,2026-09-08,tiktok,,false
1a5d56cd-6491-44d5-b8f1-e480c6d62452,2026-09-08,tiktok,,false
25e9cea6-1fc3-4e37-b1e3-5ca8888dce4d,2026-09-08,tiktok,,false
29ca3968-2e0b-429d-86ab-cdba720ad2f7,2026-09-08,tiktok,2026-09-17,true
401c5d6d-de94-4476-b313-6963d772db4e,2026-09-08,tiktok,,false
41a0c527-1962-4504-8ec1-15e43f511b88,2026-09-08,tiktok,,false
54adbe22-3843-4d97-8da3-3fa0fddf1b80,2026-09-08,tiktok,,false
5c581619-5464-441c-94e4-b0123382fbd2,2026-09-08,tiktok,,false
6aae061b-3148-4ca1-bc45-5947804ba4c0,2026-09-08,tiktok,,false
79b36936-d386-4bca-8203-ae07c9dc2325,2026-09-08,tiktok,,false
7f5960d3-57cb-4aa9-9438-5bd24c7dcbc2,2026-09-08,tiktok,2026-09-15,true
aa741118-646f-4b0f-8e77-dcca105d6bc1,2026-09-08,tiktok,,false
ab44f826-4049-49ce-98de-b6a2c2c53941,2026-09-08,tiktok,2026-09-21,true
b098a024-ca99-40b7-aefc-8b49456ec582,2026-09-08,tiktok,,false
c062266b-95f8-4fb8-a141-f00f86c86bdb,2026-09-08,tiktok,2026-09-10,true
c333ee63-2856-48dd-863d-467c5bd038eb,2026-09-08,tiktok,,false
c343aac1-234b-406f-97ed-9ae376e878ed,2026-09-08,tiktok,2026-09-13,true
